,0,1,2,3,4,5,6
0,0,0,Header,1,2,96,
1,1,0,Start_track,,,,
2,1,0,Tempo,400000,,,
3,1,0,Time_signature,4,2,24,8
4,1,0,End_track,,,,
5,2,0,Start_track,,,,
6,2,0,Title_t,"""Keyzone Classic 1""",,,
7,2,0,Note_on_c,0,76,112,
8,2,71,Note_off_c,0,76,0,
9,2,72,Note_on_c,0,74,112,
10,2,95,Note_off_c,0,74,0,
11,2,144,Note_on_c,0,72,112,
12,2,215,Note_off_c,0,72,0,
13,2,216,Note_on_c,0,71,112,
14,2,239,Note_off_c,0,71,0,
15,2,288,Note_on_c,0,69,112,
16,2,383,Note_off_c,0,69,0,
17,2,384,Note_on_c,0,74,112,
18,2,455,Note_off_c,0,74,0,
19,2,456,Note_on_c,0,72,112,
20,2,479,Note_off_c,0,72,0,
21,2,528,Note_on_c,0,71,112,
22,2,599,Note_off_c,0,71,0,
23,2,600,Note_on_c,0,69,112,
24,2,623,Note_off_c,0,69,0,
25,2,672,Note_on_c,0,67,112,
26,2,767,Note_off_c,0,67,0,
27,2,768,Note_on_c,0,72,112,
28,2,839,Note_off_c,0,72,0,
29,2,840,Note_on_c,0,71,112,
30,2,863,Note_off_c,0,71,0,
31,2,912,Note_on_c,0,69,112,
32,2,983,Note_off_c,0,69,0,
33,2,984,Note_on_c,0,67,112,
34,2,1007,Note_off_c,0,67,0,
35,2,1056,Note_on_c,0,65,112,
36,2,1151,Note_off_c,0,65,0,
37,2,1152,Note_on_c,0,71,112,
38,2,1199,Note_off_c,0,71,0,
39,2,1200,Note_on_c,0,72,112,
40,2,1247,Note_off_c,0,72,0,
41,2,1248,Note_on_c,0,71,112,
42,2,1295,Note_off_c,0,71,0,
43,2,1296,Note_on_c,0,76,127,
44,2,1343,Note_off_c,0,76,0,
45,2,1392,Note_on_c,0,74,127,
46,2,1535,Note_off_c,0,74,0,
47,2,1536,Note_on_c,0,76,112,
48,2,1607,Note_off_c,0,76,0,
49,2,1608,Note_on_c,0,74,112,
50,2,1631,Note_off_c,0,74,0,
51,2,1680,Note_on_c,0,72,112,
52,2,1751,Note_off_c,0,72,0,
53,2,1752,Note_on_c,0,71,112,
54,2,1775,Note_off_c,0,71,0,
55,2,1824,Note_on_c,0,69,112,
56,2,1919,Note_off_c,0,69,0,
57,2,1920,Note_on_c,0,74,112,
58,2,1991,Note_off_c,0,74,0,
59,2,1992,Note_on_c,0,72,112,
60,2,2015,Note_off_c,0,72,0,
61,2,2064,Note_on_c,0,71,112,
62,2,2135,Note_off_c,0,71,0,
63,2,2136,Note_on_c,0,69,112,
64,2,2159,Note_off_c,0,69,0,
65,2,2208,Note_on_c,0,67,112,
66,2,2303,Note_off_c,0,67,0,
67,2,2304,Note_on_c,0,72,112,
68,2,2375,Note_off_c,0,72,0,
69,2,2376,Note_on_c,0,71,112,
70,2,2399,Note_off_c,0,71,0,
71,2,2448,Note_on_c,0,69,112,
72,2,2519,Note_off_c,0,69,0,
73,2,2520,Note_on_c,0,67,112,
74,2,2543,Note_off_c,0,67,0,
75,2,2592,Note_on_c,0,65,112,
76,2,2639,Note_off_c,0,65,0,
77,2,2640,Note_on_c,0,67,112,
78,2,2687,Note_off_c,0,67,0,
79,2,2688,Note_on_c,0,71,112,
80,2,2735,Note_off_c,0,71,0,
81,2,2736,Note_on_c,0,72,112,
82,2,2783,Note_off_c,0,72,0,
83,2,2784,Note_on_c,0,74,112,
84,2,2831,Note_off_c,0,74,0,
85,2,2832,Note_on_c,0,76,127,
86,2,2975,Note_off_c,0,76,0,
87,2,2976,Note_on_c,0,72,112,
88,2,3023,Note_off_c,0,72,0,
89,2,3024,Note_on_c,0,71,112,
90,2,3071,Note_off_c,0,71,0,
91,2,3072,Note_on_c,0,69,112,
92,2,3167,Note_off_c,0,69,0,
93,2,3168,Note_on_c,0,76,112,
94,2,3359,Note_off_c,0,76,0,
95,2,3360,Note_on_c,0,72,112,
96,2,3407,Note_off_c,0,72,0,
97,2,3408,Note_on_c,0,69,112,
98,2,3455,Note_off_c,0,69,0,
99,2,3456,Note_on_c,0,71,112,
100,2,3551,Note_off_c,0,71,0,
101,2,3552,Note_on_c,0,77,112,
102,2,3647,Note_off_c,0,77,0,
103,2,3648,Note_on_c,0,76,112,
104,2,3695,Note_off_c,0,76,0,
105,2,3696,Note_on_c,0,74,112,
106,2,3839,Note_off_c,0,74,0,
107,2,3840,Note_on_c,0,72,112,
108,2,3887,Note_off_c,0,72,0,
109,2,3888,Note_on_c,0,74,112,
110,2,3935,Note_off_c,0,74,0,
111,2,3936,Note_on_c,0,72,112,
112,2,3983,Note_off_c,0,72,0,
113,2,3984,Note_on_c,0,74,112,
114,2,4031,Note_off_c,0,74,0,
115,2,4032,Note_on_c,0,75,112,
116,2,4046,Note_off_c,0,75,0,
117,2,4046,Note_on_c,0,76,112,
118,2,4127,Note_off_c,0,76,0,
119,2,4128,Note_on_c,0,72,112,
120,2,4175,Note_off_c,0,72,0,
121,2,4176,Note_on_c,0,71,112,
122,2,4223,Note_off_c,0,71,0,
123,2,4224,Note_on_c,0,69,112,
124,2,4319,Note_off_c,0,69,0,
125,2,4320,Note_on_c,0,74,112,
126,2,4415,Note_off_c,0,74,0,
127,2,4416,Note_on_c,0,72,112,
128,2,4463,Note_off_c,0,72,0,
129,2,4464,Note_on_c,0,71,112,
130,2,4559,Note_off_c,0,71,0,
131,2,4560,Note_on_c,0,69,112,
132,2,4583,Note_off_c,0,69,0,
133,2,4584,Note_on_c,0,71,112,
134,2,4607,Note_off_c,0,71,0,
135,2,4608,Note_on_c,0,72,112,
136,2,4639,Note_off_c,0,72,0,
137,2,4639,Note_on_c,0,71,112,
138,2,4671,Note_off_c,0,71,0,
139,2,4671,Note_on_c,0,70,112,
140,2,4703,Note_off_c,0,70,0,
141,2,4704,Note_on_c,0,69,112,
142,2,4799,Note_off_c,0,69,0,
143,2,4800,Note_on_c,0,76,112,
144,2,4823,Note_off_c,0,76,0,
145,2,4824,Note_on_c,0,75,112,
146,2,4847,Note_off_c,0,75,0,
147,2,4848,Note_on_c,0,74,112,
148,2,4871,Note_off_c,0,74,0,
149,2,4872,Note_on_c,0,73,112,
150,2,4895,Note_off_c,0,73,0,
151,2,4896,Note_on_c,0,72,112,
152,2,4991,Note_off_c,0,72,0,
153,2,4992,Note_on_c,0,74,112,
154,2,5087,Note_off_c,0,74,0,
155,2,5088,Note_on_c,0,81,112,
156,2,5183,Note_off_c,0,81,0,
157,2,5184,Note_on_c,0,79,112,
158,2,5279,Note_off_c,0,79,0,
159,2,5280,Note_on_c,0,77,112,
160,2,5303,Note_off_c,0,77,0,
161,2,5328,Note_on_c,0,76,112,
162,2,5351,Note_off_c,0,76,0,
163,2,5352,Note_on_c,0,74,112,
164,2,5375,Note_off_c,0,74,0,
165,2,5376,Note_on_c,0,76,112,
166,2,5951,Note_off_c,0,76,0,
167,2,6048,Note_on_c,0,72,112,
168,2,6095,Note_off_c,0,72,0,
169,2,6096,Note_on_c,0,71,112,
170,2,6143,Note_off_c,0,71,0,
171,2,6144,Note_on_c,0,69,112,
172,2,6239,Note_off_c,0,69,0,
173,2,6240,Note_on_c,0,76,112,
174,2,6431,Note_off_c,0,76,0,
175,2,6432,Note_on_c,0,72,112,
176,2,6479,Note_off_c,0,72,0,
177,2,6480,Note_on_c,0,69,112,
178,2,6527,Note_off_c,0,69,0,
179,2,6528,Note_on_c,0,71,112,
180,2,6623,Note_off_c,0,71,0,
181,2,6624,Note_on_c,0,77,112,
182,2,6719,Note_off_c,0,77,0,
183,2,6720,Note_on_c,0,76,112,
184,2,6767,Note_off_c,0,76,0,
185,2,6768,Note_on_c,0,74,112,
186,2,6911,Note_off_c,0,74,0,
187,2,6912,Note_on_c,0,72,112,
188,2,6959,Note_off_c,0,72,0,
189,2,6960,Note_on_c,0,74,112,
190,2,7007,Note_off_c,0,74,0,
191,2,7008,Note_on_c,0,72,112,
192,2,7055,Note_off_c,0,72,0,
193,2,7056,Note_on_c,0,74,112,
194,2,7103,Note_off_c,0,74,0,
195,2,7104,Note_on_c,0,75,112,
196,2,7118,Note_off_c,0,75,0,
197,2,7118,Note_on_c,0,76,112,
198,2,7199,Note_off_c,0,76,0,
199,2,7200,Note_on_c,0,72,112,
200,2,7247,Note_off_c,0,72,0,
201,2,7248,Note_on_c,0,71,112,
202,2,7295,Note_off_c,0,71,0,
203,2,7296,Note_on_c,0,69,112,
204,2,7391,Note_off_c,0,69,0,
205,2,7392,Note_on_c,0,74,112,
206,2,7487,Note_off_c,0,74,0,
207,2,7488,Note_on_c,0,72,112,
208,2,7535,Note_off_c,0,72,0,
209,2,7536,Note_on_c,0,71,112,
210,2,7631,Note_off_c,0,71,0,
211,2,7632,Note_on_c,0,69,112,
212,2,7655,Note_off_c,0,69,0,
213,2,7656,Note_on_c,0,71,112,
214,2,7679,Note_off_c,0,71,0,
215,2,7680,Note_on_c,0,72,112,
216,2,7711,Note_off_c,0,72,0,
217,2,7711,Note_on_c,0,71,112,
218,2,7743,Note_off_c,0,71,0,
219,2,7743,Note_on_c,0,70,112,
220,2,7775,Note_off_c,0,70,0,
221,2,7776,Note_on_c,0,69,112,
222,2,7871,Note_off_c,0,69,0,
223,2,7872,Note_on_c,0,76,112,
224,2,7895,Note_off_c,0,76,0,
225,2,7896,Note_on_c,0,75,112,
226,2,7919,Note_off_c,0,75,0,
227,2,7920,Note_on_c,0,74,112,
228,2,7943,Note_off_c,0,74,0,
229,2,7944,Note_on_c,0,73,112,
230,2,7967,Note_off_c,0,73,0,
231,2,7968,Note_on_c,0,72,112,
232,2,8063,Note_off_c,0,72,0,
233,2,8064,Note_on_c,0,74,112,
234,2,8159,Note_off_c,0,74,0,
235,2,8160,Note_on_c,0,81,112,
236,2,8255,Note_off_c,0,81,0,
237,2,8256,Note_on_c,0,79,112,
238,2,8351,Note_off_c,0,79,0,
239,2,8352,Note_on_c,0,77,112,
240,2,8375,Note_off_c,0,77,0,
241,2,8400,Note_on_c,0,76,112,
242,2,8423,Note_off_c,0,76,0,
243,2,8424,Note_on_c,0,74,112,
244,2,8447,Note_off_c,0,74,0,
245,2,8448,Note_on_c,0,76,112,
246,2,9023,Note_off_c,0,76,0,
247,2,9024,Note_on_c,0,76,112,
248,2,9071,Note_off_c,0,76,0,
249,2,9072,Note_on_c,0,76,112,
250,2,9119,Note_off_c,0,76,0,
251,2,9120,Note_on_c,0,84,112,
252,2,9215,Note_off_c,0,84,0,
253,2,9216,Note_on_c,0,81,112,
254,2,9359,Note_off_c,0,81,0,
255,2,9360,Note_on_c,0,81,112,
256,2,9383,Note_off_c,0,81,0,
257,2,9408,Note_on_c,0,83,112,
258,2,9455,Note_off_c,0,83,0,
259,2,9456,Note_on_c,0,84,112,
260,2,9503,Note_off_c,0,84,0,
261,2,9504,Note_on_c,0,83,112,
262,2,9527,Note_off_c,0,83,0,
263,2,9552,Note_on_c,0,81,127,
264,2,9647,Note_off_c,0,81,0,
265,2,9648,Note_on_c,0,79,127,
266,2,9791,Note_off_c,0,79,0,
267,2,9888,Note_on_c,0,81,112,
268,2,9898,Note_off_c,0,81,0,
269,2,9898,Note_on_c,0,80,112,
270,2,9908,Note_off_c,0,80,0,
271,2,9909,Note_on_c,0,79,112,
272,2,9919,Note_off_c,0,79,0,
273,2,9919,Note_on_c,0,78,112,
274,2,9929,Note_off_c,0,78,0,
275,2,9930,Note_on_c,0,77,112,
276,2,9940,Note_off_c,0,77,0,
277,2,9940,Note_on_c,0,76,112,
278,2,9951,Note_off_c,0,76,0,
279,2,9951,Note_on_c,0,75,112,
280,2,9961,Note_off_c,0,75,0,
281,2,9962,Note_on_c,0,74,112,
282,2,9972,Note_off_c,0,74,0,
283,2,9972,Note_on_c,0,73,112,
284,2,9983,Note_off_c,0,73,0,
285,2,9984,Note_on_c,0,72,112,
286,2,10031,Note_off_c,0,72,0,
287,2,10032,Note_on_c,0,74,112,
288,2,10127,Note_off_c,0,74,0,
289,2,10128,Note_on_c,0,72,112,
290,2,10175,Note_off_c,0,72,0,
291,2,10176,Note_on_c,0,74,112,
292,2,10223,Note_off_c,0,74,0,
293,2,10224,Note_on_c,0,76,127,
294,2,10463,Note_off_c,0,76,0,
295,2,10512,Note_on_c,0,72,112,
296,2,10559,Note_off_c,0,72,0,
297,2,10560,Note_on_c,0,74,112,
298,2,10607,Note_off_c,0,74,0,
299,2,10608,Note_on_c,0,76,112,
300,2,10655,Note_off_c,0,76,0,
301,2,10656,Note_on_c,0,77,112,
302,2,10751,Note_off_c,0,77,0,
303,2,10752,Note_on_c,0,76,112,
304,2,10799,Note_off_c,0,76,0,
305,2,10800,Note_on_c,0,74,127,
306,2,10943,Note_off_c,0,74,0,
307,2,11040,Note_on_c,0,81,112,
308,2,11135,Note_off_c,0,81,0,
309,2,11136,Note_on_c,0,79,112,
310,2,11183,Note_off_c,0,79,0,
311,2,11184,Note_on_c,0,77,112,
312,2,11231,Note_off_c,0,77,0,
313,2,11232,Note_on_c,0,79,112,
314,2,11255,Note_off_c,0,79,0,
315,2,11280,Note_on_c,0,81,127,
316,2,11375,Note_off_c,0,81,0,
317,2,11376,Note_on_c,0,83,127,
318,2,12047,Note_off_c,0,83,0,
319,2,12096,Note_on_c,0,72,112,
320,2,12143,Note_off_c,0,72,0,
321,2,12144,Note_on_c,0,71,112,
322,2,12191,Note_off_c,0,71,0,
323,2,12192,Note_on_c,0,69,112,
324,2,12287,Note_off_c,0,69,0,
325,2,12288,Note_on_c,0,76,112,
326,2,12479,Note_off_c,0,76,0,
327,2,12480,Note_on_c,0,72,112,
328,2,12527,Note_off_c,0,72,0,
329,2,12528,Note_on_c,0,69,112,
330,2,12575,Note_off_c,0,69,0,
331,2,12576,Note_on_c,0,71,112,
332,2,12671,Note_off_c,0,71,0,
333,2,12672,Note_on_c,0,77,112,
334,2,12767,Note_off_c,0,77,0,
335,2,12768,Note_on_c,0,76,112,
336,2,12815,Note_off_c,0,76,0,
337,2,12816,Note_on_c,0,74,112,
338,2,12959,Note_off_c,0,74,0,
339,2,12960,Note_on_c,0,72,112,
340,2,13007,Note_off_c,0,72,0,
341,2,13008,Note_on_c,0,74,112,
342,2,13055,Note_off_c,0,74,0,
343,2,13056,Note_on_c,0,72,112,
344,2,13103,Note_off_c,0,72,0,
345,2,13104,Note_on_c,0,74,112,
346,2,13151,Note_off_c,0,74,0,
347,2,13152,Note_on_c,0,76,112,
348,2,13175,Note_off_c,0,76,0,
349,2,13200,Note_on_c,0,76,112,
350,2,13247,Note_off_c,0,76,0,
351,2,13248,Note_on_c,0,77,112,
352,2,13295,Note_off_c,0,77,0,
353,2,13296,Note_on_c,0,79,112,
354,2,13343,Note_off_c,0,79,0,
355,2,13344,Note_on_c,0,81,112,
356,2,13439,Note_off_c,0,81,0,
357,2,13440,Note_on_c,0,84,112,
358,2,13535,Note_off_c,0,84,0,
359,2,13536,Note_on_c,0,83,112,
360,2,13583,Note_off_c,0,83,0,
361,2,13584,Note_on_c,0,80,127,
362,2,13679,Note_off_c,0,80,0,
363,2,13680,Note_on_c,0,81,112,
364,2,13727,Note_off_c,0,81,0,
365,2,13728,Note_on_c,0,72,112,
366,2,13775,Note_off_c,0,72,0,
367,2,13776,Note_on_c,0,74,112,
368,2,13823,Note_off_c,0,74,0,
369,2,13824,Note_on_c,0,76,112,
370,2,13871,Note_off_c,0,76,0,
371,2,13872,Note_on_c,0,79,112,
372,2,13919,Note_off_c,0,79,0,
373,2,13968,Note_on_c,0,81,112,
374,2,14015,Note_off_c,0,81,0,
375,2,14064,Note_on_c,0,84,127,
376,2,14495,Note_off_c,0,84,0,
377,2,14496,Note_on_c,0,84,112,
378,2,14496,Note_on_c,0,72,112,
379,2,14519,Note_off_c,0,84,0,
380,2,14519,Note_off_c,0,72,0,
381,2,14520,Note_on_c,0,83,112,
382,2,14520,Note_on_c,0,71,112,
383,2,14543,Note_off_c,0,83,0,
384,2,14543,Note_off_c,0,71,0,
385,2,14544,Note_on_c,0,86,112,
386,2,14544,Note_on_c,0,74,112,
387,2,14567,Note_off_c,0,86,0,
388,2,14567,Note_off_c,0,74,0,
389,2,14568,Note_on_c,0,84,112,
390,2,14568,Note_on_c,0,72,112,
391,2,14615,Note_off_c,0,84,0,
392,2,14615,Note_off_c,0,72,0,
393,2,14616,Note_on_c,0,83,112,
394,2,14616,Note_on_c,0,71,112,
395,2,14639,Note_off_c,0,83,0,
396,2,14639,Note_off_c,0,71,0,
397,2,14664,Note_on_c,0,81,112,
398,2,14664,Note_on_c,0,69,112,
399,2,14711,Note_off_c,0,81,0,
400,2,14711,Note_off_c,0,69,0,
401,2,14712,Note_on_c,0,79,112,
402,2,14712,Note_on_c,0,67,112,
403,2,14735,Note_off_c,0,79,0,
404,2,14735,Note_off_c,0,67,0,
405,2,14736,Note_on_c,0,81,112,
406,2,14736,Note_on_c,0,69,112,
407,2,14783,Note_off_c,0,81,0,
408,2,14783,Note_off_c,0,69,0,
409,2,14784,Note_on_c,0,83,112,
410,2,14784,Note_on_c,0,71,112,
411,2,14831,Note_off_c,0,83,0,
412,2,14831,Note_off_c,0,71,0,
413,2,14832,Note_on_c,0,83,127,
414,2,14832,Note_on_c,0,71,127,
415,2,14879,Note_off_c,0,83,0,
416,2,14879,Note_off_c,0,71,0,
417,2,14880,Note_on_c,0,84,112,
418,2,14880,Note_on_c,0,72,112,
419,2,14927,Note_off_c,0,84,0,
420,2,14927,Note_off_c,0,72,0,
421,2,14928,Note_on_c,0,86,112,
422,2,14928,Note_on_c,0,74,112,
423,2,14951,Note_off_c,0,86,0,
424,2,14951,Note_off_c,0,74,0,
425,2,14976,Note_on_c,0,88,127,
426,2,15119,Note_off_c,0,88,0,
427,2,15120,Note_on_c,0,72,112,
428,2,15167,Note_off_c,0,72,0,
429,2,15168,Note_on_c,0,71,112,
430,2,15215,Note_off_c,0,71,0,
431,2,15216,Note_on_c,0,69,112,
432,2,15311,Note_off_c,0,69,0,
433,2,15312,Note_on_c,0,76,112,
434,2,15503,Note_off_c,0,76,0,
435,2,15504,Note_on_c,0,72,112,
436,2,15551,Note_off_c,0,72,0,
437,2,15552,Note_on_c,0,69,112,
438,2,15599,Note_off_c,0,69,0,
439,2,15600,Note_on_c,0,71,112,
440,2,15695,Note_off_c,0,71,0,
441,2,15696,Note_on_c,0,77,112,
442,2,15791,Note_off_c,0,77,0,
443,2,15792,Note_on_c,0,76,112,
444,2,15839,Note_off_c,0,76,0,
445,2,15840,Note_on_c,0,74,112,
446,2,15983,Note_off_c,0,74,0,
447,2,15984,Note_on_c,0,72,112,
448,2,16031,Note_off_c,0,72,0,
449,2,16032,Note_on_c,0,74,112,
450,2,16079,Note_off_c,0,74,0,
451,2,16080,Note_on_c,0,72,112,
452,2,16127,Note_off_c,0,72,0,
453,2,16128,Note_on_c,0,74,112,
454,2,16175,Note_off_c,0,74,0,
455,2,16176,Note_on_c,0,75,112,
456,2,16190,Note_off_c,0,75,0,
457,2,16190,Note_on_c,0,76,112,
458,2,16271,Note_off_c,0,76,0,
459,2,16272,Note_on_c,0,72,112,
460,2,16319,Note_off_c,0,72,0,
461,2,16320,Note_on_c,0,71,112,
462,2,16367,Note_off_c,0,71,0,
463,2,16368,Note_on_c,0,69,112,
464,2,16463,Note_off_c,0,69,0,
465,2,16464,Note_on_c,0,74,112,
466,2,16559,Note_off_c,0,74,0,
467,2,16560,Note_on_c,0,72,112,
468,2,16607,Note_off_c,0,72,0,
469,2,16608,Note_on_c,0,71,112,
470,2,16703,Note_off_c,0,71,0,
471,2,16704,Note_on_c,0,69,112,
472,2,16727,Note_off_c,0,69,0,
473,2,16728,Note_on_c,0,71,112,
474,2,16751,Note_off_c,0,71,0,
475,2,16752,Note_on_c,0,72,112,
476,2,16783,Note_off_c,0,72,0,
477,2,16783,Note_on_c,0,71,112,
478,2,16815,Note_off_c,0,71,0,
479,2,16815,Note_on_c,0,70,112,
480,2,16847,Note_off_c,0,70,0,
481,2,16848,Note_on_c,0,69,112,
482,2,16895,Note_off_c,0,69,0,
483,2,16944,Note_on_c,0,76,112,
484,2,16967,Note_off_c,0,76,0,
485,2,16968,Note_on_c,0,75,112,
486,2,16991,Note_off_c,0,75,0,
487,2,16992,Note_on_c,0,74,112,
488,2,17015,Note_off_c,0,74,0,
489,2,17016,Note_on_c,0,73,112,
490,2,17039,Note_off_c,0,73,0,
491,2,17040,Note_on_c,0,72,112,
492,2,17087,Note_off_c,0,72,0,
493,2,17136,Note_on_c,0,74,112,
494,2,17231,Note_off_c,0,74,0,
495,2,17232,Note_on_c,0,81,112,
496,2,17327,Note_off_c,0,81,0,
497,2,17328,Note_on_c,0,79,112,
498,2,17423,Note_off_c,0,79,0,
499,2,17424,Note_on_c,0,77,112,
500,2,17447,Note_off_c,0,77,0,
501,2,17472,Note_on_c,0,76,112,
502,2,17495,Note_off_c,0,76,0,
503,2,17496,Note_on_c,0,74,112,
504,2,17519,Note_off_c,0,74,0,
505,2,17520,Note_on_c,0,76,112,
506,2,18095,Note_off_c,0,76,0,
507,2,18192,Note_on_c,0,71,112,
508,2,18206,Note_off_c,0,71,0,
509,2,18206,Note_on_c,0,72,112,
510,2,18239,Note_off_c,0,72,0,
511,2,18240,Note_on_c,0,71,112,
512,2,18287,Note_off_c,0,71,0,
513,2,18288,Note_on_c,0,69,112,
514,2,18383,Note_off_c,0,69,0,
515,2,18384,Note_on_c,0,76,112,
516,2,18575,Note_off_c,0,76,0,
517,2,18576,Note_on_c,0,72,112,
518,2,18623,Note_off_c,0,72,0,
519,2,18624,Note_on_c,0,69,112,
520,2,18671,Note_off_c,0,69,0,
521,2,18672,Note_on_c,0,71,112,
522,2,18767,Note_off_c,0,71,0,
523,2,18768,Note_on_c,0,77,112,
524,2,18863,Note_off_c,0,77,0,
525,2,18864,Note_on_c,0,76,112,
526,2,18911,Note_off_c,0,76,0,
527,2,18912,Note_on_c,0,74,112,
528,2,19055,Note_off_c,0,74,0,
529,2,19056,Note_on_c,0,72,112,
530,2,19103,Note_off_c,0,72,0,
531,2,19104,Note_on_c,0,74,112,
532,2,19151,Note_off_c,0,74,0,
533,2,19152,Note_on_c,0,72,112,
534,2,19199,Note_off_c,0,72,0,
535,2,19200,Note_on_c,0,74,112,
536,2,19247,Note_off_c,0,74,0,
537,2,19248,Note_on_c,0,75,112,
538,2,19262,Note_off_c,0,75,0,
539,2,19262,Note_on_c,0,76,112,
540,2,19278,Note_off_c,0,76,0,
541,2,19296,Note_on_c,0,76,112,
542,2,19319,Note_off_c,0,76,0,
543,2,19344,Note_on_c,0,72,112,
544,2,19391,Note_off_c,0,72,0,
545,2,19392,Note_on_c,0,71,112,
546,2,19439,Note_off_c,0,71,0,
547,2,19440,Note_on_c,0,69,112,
548,2,19535,Note_off_c,0,69,0,
549,2,19536,Note_on_c,0,74,112,
550,2,19631,Note_off_c,0,74,0,
551,2,19632,Note_on_c,0,72,112,
552,2,19679,Note_off_c,0,72,0,
553,2,19680,Note_on_c,0,71,112,
554,2,19775,Note_off_c,0,71,0,
555,2,19776,Note_on_c,0,69,112,
556,2,19799,Note_off_c,0,69,0,
557,2,19800,Note_on_c,0,71,112,
558,2,19823,Note_off_c,0,71,0,
559,2,19824,Note_on_c,0,72,112,
560,2,19855,Note_off_c,0,72,0,
561,2,19855,Note_on_c,0,71,112,
562,2,19887,Note_off_c,0,71,0,
563,2,19887,Note_on_c,0,70,112,
564,2,19919,Note_off_c,0,70,0,
565,2,19920,Note_on_c,0,69,112,
566,2,19967,Note_off_c,0,69,0,
567,2,20016,Note_on_c,0,76,112,
568,2,20016,Note_on_c,0,75,112,
569,2,20030,Note_off_c,0,75,0,
570,2,20039,Note_off_c,0,76,0,
571,2,20040,Note_on_c,0,75,112,
572,2,20063,Note_off_c,0,75,0,
573,2,20064,Note_on_c,0,74,112,
574,2,20087,Note_off_c,0,74,0,
575,2,20088,Note_on_c,0,73,112,
576,2,20111,Note_off_c,0,73,0,
577,2,20112,Note_on_c,0,72,112,
578,2,20159,Note_off_c,0,72,0,
579,2,20208,Note_on_c,0,74,112,
580,2,20303,Note_off_c,0,74,0,
581,2,20304,Note_on_c,0,81,112,
582,2,20399,Note_off_c,0,81,0,
583,2,20400,Note_on_c,0,79,112,
584,2,20495,Note_off_c,0,79,0,
585,2,20496,Note_on_c,0,77,112,
586,2,20519,Note_off_c,0,77,0,
587,2,20544,Note_on_c,0,76,112,
588,2,20567,Note_off_c,0,76,0,
589,2,20568,Note_on_c,0,74,112,
590,2,20591,Note_off_c,0,74,0,
591,2,20592,Note_on_c,0,76,112,
592,2,21167,Note_off_c,0,76,0,
593,2,21168,Note_on_c,0,75,112,
594,2,21215,Note_off_c,0,75,0,
595,2,21216,Note_on_c,0,76,112,
596,2,21239,Note_off_c,0,76,0,
597,2,21264,Note_on_c,0,84,127,
598,2,21407,Note_off_c,0,84,0,
599,2,21408,Note_on_c,0,81,112,
600,2,21455,Note_off_c,0,81,0,
601,2,21528,Note_on_c,0,80,112,
602,2,21551,Note_off_c,0,80,0,
603,2,21552,Note_on_c,0,81,112,
604,2,21575,Note_off_c,0,81,0,
605,2,21600,Note_on_c,0,84,112,
606,2,21623,Note_off_c,0,84,0,
607,2,21648,Note_on_c,0,83,112,
608,2,21719,Note_off_c,0,83,0,
609,2,21720,Note_on_c,0,81,112,
610,2,21743,Note_off_c,0,81,0,
611,2,21792,Note_on_c,0,79,112,
612,2,21935,Note_off_c,0,79,0,
613,2,21984,Note_on_c,0,79,112,
614,2,22007,Note_off_c,0,79,0,
615,2,22008,Note_on_c,0,80,112,
616,2,22031,Note_off_c,0,80,0,
617,2,22032,Note_on_c,0,81,127,
618,2,22042,Note_off_c,0,81,0,
619,2,22042,Note_on_c,0,80,127,
620,2,22052,Note_off_c,0,80,0,
621,2,22053,Note_on_c,0,79,127,
622,2,22063,Note_off_c,0,79,0,
623,2,22063,Note_on_c,0,78,127,
624,2,22073,Note_off_c,0,78,0,
625,2,22074,Note_on_c,0,77,127,
626,2,22084,Note_off_c,0,77,0,
627,2,22084,Note_on_c,0,76,127,
628,2,22095,Note_off_c,0,76,0,
629,2,22095,Note_on_c,0,75,127,
630,2,22105,Note_off_c,0,75,0,
631,2,22106,Note_on_c,0,74,127,
632,2,22116,Note_off_c,0,74,0,
633,2,22116,Note_on_c,0,73,127,
634,2,22127,Note_off_c,0,73,0,
635,2,22128,Note_on_c,0,72,112,
636,2,22151,Note_off_c,0,72,0,
637,2,22176,Note_on_c,0,74,127,
638,2,22271,Note_off_c,0,74,0,
639,2,22272,Note_on_c,0,72,112,
640,2,22295,Note_off_c,0,72,0,
641,2,22320,Note_on_c,0,74,112,
642,2,22343,Note_off_c,0,74,0,
643,2,22368,Note_on_c,0,76,127,
644,2,22607,Note_off_c,0,76,0,
645,2,22656,Note_on_c,0,72,112,
646,2,22679,Note_off_c,0,72,0,
647,2,22704,Note_on_c,0,74,112,
648,2,22751,Note_off_c,0,74,0,
649,2,22752,Note_on_c,0,76,112,
650,2,22799,Note_off_c,0,76,0,
651,2,22800,Note_on_c,0,77,112,
652,2,22895,Note_off_c,0,77,0,
653,2,22896,Note_on_c,0,76,112,
654,2,22919,Note_off_c,0,76,0,
655,2,22944,Note_on_c,0,74,112,
656,2,23087,Note_off_c,0,74,0,
657,2,23088,Note_on_c,0,74,112,
658,2,23111,Note_off_c,0,74,0,
659,2,23112,Note_on_c,0,76,112,
660,2,23135,Note_off_c,0,76,0,
661,2,23136,Note_on_c,0,77,112,
662,2,23159,Note_off_c,0,77,0,
663,2,23160,Note_on_c,0,79,112,
664,2,23183,Note_off_c,0,79,0,
665,2,23184,Note_on_c,0,81,127,
666,2,23279,Note_off_c,0,81,0,
667,2,23280,Note_on_c,0,79,112,
668,2,23327,Note_off_c,0,79,0,
669,2,23328,Note_on_c,0,77,112,
670,2,23375,Note_off_c,0,77,0,
671,2,23376,Note_on_c,0,79,112,
672,2,23399,Note_off_c,0,79,0,
673,2,23424,Note_on_c,0,81,127,
674,2,23519,Note_off_c,0,81,0,
675,2,23520,Note_on_c,0,83,127,
676,2,24191,Note_off_c,0,83,0,
677,2,24192,Note_on_c,0,72,112,
678,2,24239,Note_off_c,0,72,0,
679,2,24240,Note_on_c,0,71,112,
680,2,24287,Note_off_c,0,71,0,
681,2,24288,Note_on_c,0,69,112,
682,2,24383,Note_off_c,0,69,0,
683,2,24384,Note_on_c,0,76,112,
684,2,24575,Note_off_c,0,76,0,
685,2,24576,Note_on_c,0,72,112,
686,2,24623,Note_off_c,0,72,0,
687,2,24624,Note_on_c,0,69,112,
688,2,24671,Note_off_c,0,69,0,
689,2,24672,Note_on_c,0,71,112,
690,2,24767,Note_off_c,0,71,0,
691,2,24768,Note_on_c,0,77,112,
692,2,24863,Note_off_c,0,77,0,
693,2,24864,Note_on_c,0,76,112,
694,2,24911,Note_off_c,0,76,0,
695,2,24912,Note_on_c,0,74,112,
696,2,25055,Note_off_c,0,74,0,
697,2,25056,Note_on_c,0,72,112,
698,2,25103,Note_off_c,0,72,0,
699,2,25104,Note_on_c,0,74,112,
700,2,25151,Note_off_c,0,74,0,
701,2,25152,Note_on_c,0,72,112,
702,2,25199,Note_off_c,0,72,0,
703,2,25200,Note_on_c,0,74,112,
704,2,25247,Note_off_c,0,74,0,
705,2,25248,Note_on_c,0,76,112,
706,2,25271,Note_off_c,0,76,0,
707,2,25296,Note_on_c,0,76,112,
708,2,25343,Note_off_c,0,76,0,
709,2,25344,Note_on_c,0,77,112,
710,2,25391,Note_off_c,0,77,0,
711,2,25392,Note_on_c,0,79,112,
712,2,25439,Note_off_c,0,79,0,
713,2,25440,Note_on_c,0,81,112,
714,2,25535,Note_off_c,0,81,0,
715,2,25536,Note_on_c,0,84,112,
716,2,25631,Note_off_c,0,84,0,
717,2,25632,Note_on_c,0,83,112,
718,2,25679,Note_off_c,0,83,0,
719,2,25680,Note_on_c,0,80,127,
720,2,25775,Note_off_c,0,80,0,
721,2,25776,Note_on_c,0,81,112,
722,2,25823,Note_off_c,0,81,0,
723,2,25824,Note_on_c,0,69,115,
724,2,25871,Note_off_c,0,69,0,
725,2,25920,Note_on_c,0,81,115,
726,2,25967,Note_off_c,0,81,0,
727,2,26016,Note_on_c,0,76,115,
728,2,26063,Note_off_c,0,76,0,
729,2,26112,Note_on_c,0,72,115,
730,2,26159,Note_off_c,0,72,0,
731,2,26208,Note_on_c,0,69,115,
732,2,26255,Note_off_c,0,69,0,
733,2,26304,Note_on_c,0,69,115,
734,2,26327,Note_off_c,0,69,0,
735,2,26352,Note_on_c,0,69,115,
736,2,26375,Note_off_c,0,69,0,
737,2,26400,Note_on_c,0,69,115,
738,2,26423,Note_off_c,0,69,0,
739,2,26448,Note_on_c,0,69,115,
740,2,26471,Note_off_c,0,69,0,
741,2,26496,Note_on_c,0,69,115,
742,2,26519,Note_off_c,0,69,0,
743,2,26544,Note_on_c,0,72,96,
744,2,26591,Note_off_c,0,72,0,
745,2,26592,Note_on_c,0,71,96,
746,2,26639,Note_off_c,0,71,0,
747,2,26640,Note_on_c,0,69,96,
748,2,26735,Note_off_c,0,69,0,
749,2,26736,Note_on_c,0,76,96,
750,2,26927,Note_off_c,0,76,0,
751,2,26928,Note_on_c,0,72,96,
752,2,26975,Note_off_c,0,72,0,
753,2,26976,Note_on_c,0,69,96,
754,2,27023,Note_off_c,0,69,0,
755,2,27024,Note_on_c,0,71,96,
756,2,27119,Note_off_c,0,71,0,
757,2,27120,Note_on_c,0,77,96,
758,2,27215,Note_off_c,0,77,0,
759,2,27216,Note_on_c,0,76,96,
760,2,27263,Note_off_c,0,76,0,
761,2,27264,Note_on_c,0,74,96,
762,2,27407,Note_off_c,0,74,0,
763,2,27408,Note_on_c,0,72,96,
764,2,27455,Note_off_c,0,72,0,
765,2,27456,Note_on_c,0,74,96,
766,2,27503,Note_off_c,0,74,0,
767,2,27504,Note_on_c,0,72,96,
768,2,27551,Note_off_c,0,72,0,
769,2,27552,Note_on_c,0,74,96,
770,2,27599,Note_off_c,0,74,0,
771,2,27600,Note_on_c,0,76,96,
772,2,27623,Note_off_c,0,76,0,
773,2,27648,Note_on_c,0,76,96,
774,2,27695,Note_off_c,0,76,0,
775,2,27696,Note_on_c,0,77,96,
776,2,27743,Note_off_c,0,77,0,
777,2,27744,Note_on_c,0,79,96,
778,2,27791,Note_off_c,0,79,0,
779,2,27792,Note_on_c,0,81,96,
780,2,27887,Note_off_c,0,81,0,
781,2,27888,Note_on_c,0,84,96,
782,2,27983,Note_off_c,0,84,0,
783,2,27984,Note_on_c,0,83,96,
784,2,28031,Note_off_c,0,83,0,
785,2,28032,Note_on_c,0,80,115,
786,2,28127,Note_off_c,0,80,0,
787,2,28128,Note_on_c,0,69,96,
788,2,28175,Note_off_c,0,69,0,
789,2,28224,Note_on_c,0,81,115,
790,2,28271,Note_off_c,0,81,0,
791,2,28320,Note_on_c,0,76,115,
792,2,28367,Note_off_c,0,76,0,
793,2,28416,Note_on_c,0,72,115,
794,2,28463,Note_off_c,0,72,0,
795,2,28512,Note_on_c,0,69,115,
796,2,28559,Note_off_c,0,69,0,
797,2,28608,Note_on_c,0,69,115,
798,2,28631,Note_off_c,0,69,0,
799,2,28656,Note_on_c,0,69,115,
800,2,28679,Note_off_c,0,69,0,
801,2,28704,Note_on_c,0,69,115,
802,2,28727,Note_off_c,0,69,0,
803,2,28752,Note_on_c,0,69,115,
804,2,28775,Note_off_c,0,69,0,
805,2,28800,Note_on_c,0,69,115,
806,2,28823,Note_off_c,0,69,0,
807,2,28848,Note_on_c,0,72,96,
808,2,28895,Note_off_c,0,72,0,
809,2,28896,Note_on_c,0,71,96,
810,2,28943,Note_off_c,0,71,0,
811,2,28944,Note_on_c,0,69,96,
812,2,29039,Note_off_c,0,69,0,
813,2,29040,Note_on_c,0,76,96,
814,2,29231,Note_off_c,0,76,0,
815,2,29232,Note_on_c,0,72,96,
816,2,29279,Note_off_c,0,72,0,
817,2,29280,Note_on_c,0,69,96,
818,2,29327,Note_off_c,0,69,0,
819,2,29328,Note_on_c,0,71,96,
820,2,29423,Note_off_c,0,71,0,
821,2,29424,Note_on_c,0,77,96,
822,2,29519,Note_off_c,0,77,0,
823,2,29520,Note_on_c,0,76,96,
824,2,29567,Note_off_c,0,76,0,
825,2,29568,Note_on_c,0,74,96,
826,2,29711,Note_off_c,0,74,0,
827,2,29712,Note_on_c,0,72,96,
828,2,29759,Note_off_c,0,72,0,
829,2,29760,Note_on_c,0,74,96,
830,2,29807,Note_off_c,0,74,0,
831,2,29808,Note_on_c,0,72,96,
832,2,29855,Note_off_c,0,72,0,
833,2,29856,Note_on_c,0,74,96,
834,2,29903,Note_off_c,0,74,0,
835,2,29904,Note_on_c,0,76,96,
836,2,29927,Note_off_c,0,76,0,
837,2,29952,Note_on_c,0,76,96,
838,2,29999,Note_off_c,0,76,0,
839,2,30000,Note_on_c,0,77,106,
840,2,30047,Note_off_c,0,77,0,
841,2,30048,Note_on_c,0,79,116,
842,2,30095,Note_off_c,0,79,0,
843,2,30096,Note_on_c,0,81,126,
844,2,30191,Note_off_c,0,81,0,
845,2,30192,Note_on_c,0,84,126,
846,2,30287,Note_off_c,0,84,0,
847,2,30288,Note_on_c,0,83,126,
848,2,30335,Note_off_c,0,83,0,
849,2,30336,Note_on_c,0,80,127,
850,2,30431,Note_off_c,0,80,0,
851,2,30432,Note_on_c,0,81,127,
852,2,30863,Note_off_c,0,81,0,
853,2,30864,Note_on_c,0,76,126,
854,2,30935,Note_off_c,0,76,0,
855,2,30936,Note_on_c,0,74,126,
856,2,30959,Note_off_c,0,74,0,
857,2,31008,Note_on_c,0,72,126,
858,2,31079,Note_off_c,0,72,0,
859,2,31080,Note_on_c,0,71,126,
860,2,31103,Note_off_c,0,71,0,
861,2,31152,Note_on_c,0,69,126,
862,2,31247,Note_off_c,0,69,0,
863,2,31248,Note_on_c,0,74,126,
864,2,31319,Note_off_c,0,74,0,
865,2,31320,Note_on_c,0,72,126,
866,2,31343,Note_off_c,0,72,0,
867,2,31392,Note_on_c,0,71,126,
868,2,31463,Note_off_c,0,71,0,
869,2,31464,Note_on_c,0,69,126,
870,2,31487,Note_off_c,0,69,0,
871,2,31536,Note_on_c,0,67,126,
872,2,31631,Note_off_c,0,67,0,
873,2,31632,Note_on_c,0,72,126,
874,2,31703,Note_off_c,0,72,0,
875,2,31704,Note_on_c,0,71,126,
876,2,31727,Note_off_c,0,71,0,
877,2,31776,Note_on_c,0,69,126,
878,2,31847,Note_off_c,0,69,0,
879,2,31848,Note_on_c,0,67,126,
880,2,31871,Note_off_c,0,67,0,
881,2,31920,Note_on_c,0,65,126,
882,2,32015,Note_off_c,0,65,0,
883,2,32016,Note_on_c,0,71,126,
884,2,32063,Note_off_c,0,71,0,
885,2,32064,Note_on_c,0,72,126,
886,2,32111,Note_off_c,0,72,0,
887,2,32112,Note_on_c,0,71,126,
888,2,32159,Note_off_c,0,71,0,
889,2,32160,Note_on_c,0,76,127,
890,2,32207,Note_off_c,0,76,0,
891,2,32256,Note_on_c,0,74,127,
892,2,32399,Note_off_c,0,74,0,
893,2,32400,Note_on_c,0,76,126,
894,2,32471,Note_off_c,0,76,0,
895,2,32472,Note_on_c,0,74,126,
896,2,32495,Note_off_c,0,74,0,
897,2,32544,Note_on_c,0,72,126,
898,2,32615,Note_off_c,0,72,0,
899,2,32616,Note_on_c,0,71,126,
900,2,32639,Note_off_c,0,71,0,
901,2,32688,Note_on_c,0,69,126,
902,2,32783,Note_off_c,0,69,0,
903,2,32784,Note_on_c,0,74,126,
904,2,32855,Note_off_c,0,74,0,
905,2,32856,Note_on_c,0,72,126,
906,2,32879,Note_off_c,0,72,0,
907,2,32928,Note_on_c,0,71,126,
908,2,32999,Note_off_c,0,71,0,
909,2,33000,Note_on_c,0,69,126,
910,2,33023,Note_off_c,0,69,0,
911,2,33072,Note_on_c,0,67,126,
912,2,33167,Note_off_c,0,67,0,
913,2,33168,Note_on_c,0,72,126,
914,2,33239,Note_off_c,0,72,0,
915,2,33240,Note_on_c,0,71,126,
916,2,33263,Note_off_c,0,71,0,
917,2,33312,Note_on_c,0,69,126,
918,2,33383,Note_off_c,0,69,0,
919,2,33384,Note_on_c,0,67,126,
920,2,33407,Note_off_c,0,67,0,
921,2,33456,Note_on_c,0,65,126,
922,2,33503,Note_off_c,0,65,0,
923,2,33504,Note_on_c,0,67,126,
924,2,33551,Note_off_c,0,67,0,
925,2,33552,Note_on_c,0,71,126,
926,2,33599,Note_off_c,0,71,0,
927,2,33600,Note_on_c,0,72,126,
928,2,33647,Note_off_c,0,72,0,
929,2,33648,Note_on_c,0,74,126,
930,2,33671,Note_off_c,0,74,0,
931,2,33696,Note_on_c,0,76,127,
932,2,33791,Note_off_c,0,76,0,
933,2,33792,Note_on_c,0,76,127,
934,2,33823,Note_off_c,0,76,0,
935,2,33840,Note_on_c,0,76,126,
936,2,33863,Note_off_c,0,76,0,
937,2,33864,Note_on_c,0,78,126,
938,2,33887,Note_off_c,0,78,0,
939,2,33888,Note_on_c,0,79,126,
940,2,33911,Note_off_c,0,79,0,
941,2,33912,Note_on_c,0,80,126,
942,2,33935,Note_off_c,0,80,0,
943,2,33936,Note_on_c,0,81,126,
944,2,34223,Note_off_c,0,81,0,
945,2,34272,Note_on_c,0,79,126,
946,2,34295,Note_off_c,0,79,0,
947,2,34296,Note_on_c,0,80,126,
948,2,34319,Note_off_c,0,80,0,
949,2,34320,Note_on_c,0,81,126,
950,2,34343,Note_off_c,0,81,0,
951,2,34368,Note_on_c,0,76,126,
952,2,34415,Note_off_c,0,76,0,
953,2,34416,Note_on_c,0,77,126,
954,2,34439,Note_off_c,0,77,0,
955,2,34464,Note_on_c,0,74,126,
956,2,34511,Note_off_c,0,74,0,
957,2,34512,Note_on_c,0,76,126,
958,2,34535,Note_off_c,0,76,0,
959,2,34560,Note_on_c,0,71,126,
960,2,34607,Note_off_c,0,71,0,
961,2,34608,Note_on_c,0,72,126,
962,2,34631,Note_off_c,0,72,0,
963,2,34656,Note_on_c,0,69,127,
964,2,34703,Note_off_c,0,69,0,
965,2,34800,Note_on_c,0,81,127,
966,2,34895,Note_off_c,0,81,0,
967,2,34895,End_track,,,,
968,0,0,End_of_file,,,,
